Document number ,Names,Last names,Phone,Address
222-50-3542,Carissa,Driscoll,3-271-476-6688,"ExxonMobil, Cleaver Drive 2797, Salem, SHN 0351"
744-81-3601,Alice,Wade,3-721-610-8501,"Erickson, Bocking   Road 6376, Cincinnati, NIC 6474"
132-55-6385,Kurt,Palmer,6-710-007-2650,"Facebook, Hamilton  Alley 8865, Milano, PSE 5265"
357-71-5345,Isabel,Gray,7-614-606-5563,"Danone, Buttonwood Alley 4780, Otawa, IMN 7331"
244-11-7282,Marie,Welsch,2-336-884-5086,"Coca-Cola Company, Sheffield Vale 7671, Reno, TUN 0610"
836-04-8736,Marjorie,Warner,4-360-828-8608,"UPC, Angela   Lane 58, Springfield, SGS 3757"
048-08-3566,John,Vangness,5-060-587-6221,"CarMax, Boleyn  Street 1258, Tulsa, PRI 6878"
832-08-2430,Nathan,Bristow,2-772-344-8752,"BuzzFeed, Hickory Lane Road 8175, San Antonio, CMR 1873"
013-65-8428,Mackenzie,Irwin,2-632-202-3818,"Zepter, Angela   Walk 325, Bakersfield, GRD 6105"
876-75-8445,Mason,Willis,0-123-440-6341,"Carrefour, Jackson Drive 9919, San Diego, MDA 8461"
075-43-4373,Andrea,Anderson,6-356-681-1317,"ExxonMobil, Kilner   Boulevard 8991, Lancaster, DEU 5408"
714-70-0435,Estrella,Marshall,6-653-710-2470,"Vodafone, Cloth  Lane 2164, New Orleans, COL 0184"
843-27-8058,Clint,Stone,2-852-143-4648,"DynCorp, Canal  Avenue 9285, Colorado Springs, IND 6340"
361-85-3027,Hannah,Stark,3-685-254-6477,"Amazon.com, Emden   Avenue 7787, Huntsville, SSD 4850"
257-12-8044,Naomi,Steer,2-460-120-7651,"AECOM, Amwell    Grove 4745, Santa Ana, BTN 7682"
643-60-3460,Anais,Lewis,7-380-882-8630,"Carrefour, Catherine  Road 7181, Santa Ana, PRY 5576"
671-54-2520,Logan,Hooper,1-004-647-4851,"Telekom, Rivervalley Boulevard 7018, Minneapolis, FLK 3034"
061-72-4833,Stacy,Rogers,2-706-230-7361,"Leadertech Consulting, Elystan  Walk 3416, Colorado Springs, AUS 0802"
582-37-2245,Anabel,Doherty,1-146-528-8417,"BuzzFeed, Linden Road 610, Huntsville, ALA 0232"
810-38-5747,Hank,Ballard,5-057-026-8061,"DynCorp, Clarges   Vale 3288, Baltimore, EST 5427"

